{"cameraMode":{"drawMode":0,"name":"Shaded","section":"Shading Mode"},"sceneLighting":true,"audioPlay":false,"sceneViewState":{"m_AlwaysRefresh":false,"showFog":true,"showSkybox":true,"showFlares":true,"showImageEffects":true,"showParticleSystems":true,"showVisualEffectGraphs":true,"m_FxEnabled":true},"in2DMode":false,"pivot":{"x":1009.9083862304688,"y":584.344970703125,"z":22.59975242614746},"rotation":{"x":0.23478946089744569,"y":0.0014583887532353402,"z":-0.00035089493030682206,"w":0.9720548391342163},"size":862.6224365234375,"orthographic":true}