{"cameraMode":{"drawMode":0,"name":"Shaded","section":"Shading Mode"},"sceneLighting":true,"audioPlay":false,"sceneViewState":{"m_AlwaysRefresh":false,"showFog":true,"showSkybox":true,"showFlares":true,"showImageEffects":true,"showParticleSystems":true,"showVisualEffectGraphs":true,"m_FxEnabled":true},"in2DMode":false,"pivot":{"x":2.008808135986328,"y":1.8149163722991944,"z":0.5100277662277222},"rotation":{"x":-0.03648059815168381,"y":-0.9130064249038696,"z":0.08377420157194138,"w":-0.3975846469402313},"size":1.1992192268371583,"orthographic":false}