{"cameraMode":{"drawMode":0,"name":"Shaded","section":"Shading Mode"},"sceneLighting":true,"audioPlay":false,"sceneViewState":{"m_AlwaysRefresh":false,"showFog":true,"showSkybox":true,"showFlares":true,"showImageEffects":true,"showParticleSystems":true,"showVisualEffectGraphs":true,"m_FxEnabled":true},"in2DMode":false,"pivot":{"x":-2.3241755962371828,"y":-1.7483786344528199,"z":-0.014246637001633644},"rotation":{"x":0.3543422222137451,"y":-0.06025514379143715,"z":0.022886836901307107,"w":0.9328924417495728},"size":11.034024238586426,"orthographic":false}