{"cameraMode":{"drawMode":0,"name":"Shaded","section":"Shading Mode"},"sceneLighting":true,"audioPlay":false,"sceneViewState":{"m_AlwaysRefresh":false,"showFog":true,"showSkybox":true,"showFlares":true,"showImageEffects":true,"showParticleSystems":true,"showVisualEffectGraphs":true,"m_FxEnabled":true},"in2DMode":false,"pivot":{"x":-2.991959571838379,"y":1.2515498399734498,"z":0.4191393554210663},"rotation":{"x":0.48933205008506777,"y":0.4554404020309448,"z":-0.33584877848625185,"w":0.6635773777961731},"size":3.988603115081787,"orthographic":false}