{"cameraMode":{"drawMode":0,"name":"Shaded","section":"Shading Mode"},"sceneLighting":true,"audioPlay":false,"sceneViewState":{"m_AlwaysRefresh":false,"showFog":true,"showSkybox":true,"showFlares":true,"showImageEffects":true,"showParticleSystems":true,"showVisualEffectGraphs":true,"m_FxEnabled":true},"in2DMode":false,"pivot":{"x":-0.862096905708313,"y":3.750460147857666,"z":0.1334303617477417},"rotation":{"x":0.24493436515331269,"y":-0.018904604017734529,"z":0.004776827059686184,"w":0.9693436622619629},"size":9.282212257385254,"orthographic":false}