{"cameraMode":{"drawMode":0,"name":"Shaded","section":"Shading Mode"},"sceneLighting":true,"audioPlay":false,"sceneViewState":{"m_AlwaysRefresh":false,"showFog":true,"showSkybox":true,"showFlares":true,"showImageEffects":true,"showParticleSystems":true,"showVisualEffectGraphs":true,"m_FxEnabled":true},"in2DMode":false,"pivot":{"x":-2.6374964714050295,"y":-1.3974976539611817,"z":0.5630120635032654},"rotation":{"x":-0.27318304777145388,"y":0.6411290168762207,"z":-0.26241642236709597,"w":-0.6674375534057617},"size":6.644094467163086,"orthographic":true}