{"cameraMode":{"drawMode":0,"name":"Shaded","section":"Shading Mode"},"sceneLighting":true,"audioPlay":false,"sceneViewState":{"m_AlwaysRefresh":false,"showFog":true,"showSkybox":true,"showFlares":true,"showImageEffects":true,"showParticleSystems":true,"showVisualEffectGraphs":true,"m_FxEnabled":true},"in2DMode":false,"pivot":{"x":-1.0221140384674073,"y":0.05970923602581024,"z":1.0747743844985963},"rotation":{"x":0.22598005831241609,"y":-0.02045503444969654,"z":0.004746281076222658,"w":0.9739061594009399},"size":9.220602035522461,"orthographic":false}